{"results": {"benchmarks.TimeSuite.time_iterkeys": null, "benchmarks.TimeSuite.time_keys": {"result": [8.491637905925047e-06], "stats": [{"ci_99": [8.193589298441633e-06, 1.7151629238441367e-05], "q_25": 8.33236491967113e-06, "q_75": 8.601665411932688e-06, "min": 8.193589298441633e-06, "max": 1.7151629238441367e-05, "mean": 9.399899547542311e-06, "std": 2.6112379210790975e-06, "repeat": 10, "number": 1327}]}, "benchmarks.TimeSuite.time_range": {"result": [4.838022409341825e-05], "stats": [{"ci_99": [3.255582012615178e-05, 9.561916768445105e-05], "q_25": 3.328422331922012e-05, "q_75": 7.599552211059946e-05, "min": 3.255582012615178e-05, "max": 9.561916768445105e-05, "mean": 5.622252134543953e-05, "std": 2.4457536196141202e-05, "repeat": 10, "number": 328}]}, "benchmarks.TimeSuite.time_xrange": null, "benchmarks.MemSuite.mem_list": 2112, "benchmarks.Stats.time_r2_score": {"result": [0.1459236584998962], "stats": [{"ci_99": [0.13985578999995596, 0.16246366499990472], "q_25": 0.1418571597500886, "q_75": 0.1480599765000079, "min": 0.13985578999995596, "max": 0.16246366499990472, "mean": 0.14760883449994253, "std": 0.0076164647573013925, "repeat": 10, "number": 1}]}, "benchmarks.Stats.time_histogram": {"result": [0.24838374049977574], "stats": [{"ci_99": [0.2414775670004019, 0.37107973199999833], "q_25": 0.24398869700007708, "q_75": 0.2688927169999715, "min": 0.2414775670004019, "max": 0.37107973199999833, "mean": 0.2701037015998736, "std": 0.042829791734226276, "repeat": 10, "number": 1}]}, "benchmarks.Hist.time_histogram": {"result": [0.2596309085001849], "stats": [{"ci_99": [0.2438201389995811, 0.3190537869995751], "q_25": 0.2527444009992905, "q_75": 0.2636203927495444, "min": 0.2438201389995811, "max": 0.3190537869995751, "mean": 0.2660921505994338, "std": 0.021654944938125996, "repeat": 10, "number": 1}]}, "benchmarks.Variance.time_variance": {"result": [7.303137347000302], "stats": [{"ci_99": [6.844800547034538, 7.761474146966066], "q_25": 7.298553979000644, "q_75": 7.3077207149999595, "min": 7.2939706110009865, "max": 7.312304082999617, "mean": 7.303137347000302, "std": 0.009166735999315279, "repeat": 2, "number": 1}]}, "benchmarks.CircStd.time_circ_std": {"result": [0.6560267024997302], "stats": [{"ci_99": [0.6293896370007133, 0.6924474039988127], "q_25": 0.6349130217486163, "q_75": 0.6817827732520527, "min": 0.6293896370007133, "max": 0.6924474039988127, "mean": 0.6579093886997726, "std": 0.024047990619761397, "repeat": 10, "number": 1}]}}, "params": {"arch": "x86_64", "cpu": "Intel(R) Core(TM) i3-5005U CPU @ 2.00GHz", "machine": "Banzee", "num_cpu": "4", "os": "Linux 4.15.0-51-generic", "ram": "3957136", "python": "3.6", "numba": "", "numpy": ""}, "requirements": {"numba": "", "numpy": ""}, "commit_hash": "6c0f3a7f123d31f50a0eab1934332841ef3a8bfa", "date": 1560676827000, "env_name": "conda-py3.6-numba-numpy", "python": "3.6", "profiles": {}, "started_at": {"benchmarks.TimeSuite.time_iterkeys": 1560789663352, "benchmarks.TimeSuite.time_keys": 1560789664179, "benchmarks.TimeSuite.time_range": 1560789664384, "benchmarks.TimeSuite.time_xrange": 1560789663865, "benchmarks.MemSuite.mem_list": 1560789663921, "benchmarks.Stats.time_r2_score": 1560798549494, "benchmarks.Stats.time_histogram": 1560801788754, "benchmarks.Hist.time_histogram": 1560852053091, "benchmarks.Variance.time_variance": 1560852055202, "benchmarks.CircStd.time_circ_std": 1560852048623}, "ended_at": {"benchmarks.TimeSuite.time_iterkeys": 1560789663405, "benchmarks.TimeSuite.time_keys": 1560789664384, "benchmarks.TimeSuite.time_range": 1560789664637, "benchmarks.TimeSuite.time_xrange": 1560789663921, "benchmarks.MemSuite.mem_list": 1560789664178, "benchmarks.Stats.time_r2_score": 1560798551001, "benchmarks.Stats.time_histogram": 1560801790763, "benchmarks.Hist.time_histogram": 1560852055201, "benchmarks.Variance.time_variance": 1560852070741, "benchmarks.CircStd.time_circ_std": 1560852053090}, "benchmark_version": {"benchmarks.TimeSuite.time_iterkeys": "8cbbcf6e9f798af859479108fa2aedee542bd626e61d71f54acd8a0d6300e6e6", "benchmarks.TimeSuite.time_keys": "86e015a3c40c52da31e4185fff7c7176c38c5e1e1e4aba71912db0b388225191", "benchmarks.TimeSuite.time_range": "cc3e85248a6284df968bcf8afe866da285261eb2487c10e9dd9e2d17a05deb47", "benchmarks.TimeSuite.time_xrange": "57c7cf18e551a09e0f519044163b57fe2a3802251cb9f87d4f46a8c769588ed9", "benchmarks.MemSuite.mem_list": "abe86bab484550a681c61d7bb6eb081fbd37eb6d5009eba1df85c935530577b9", "benchmarks.Stats.time_r2_score": "6c21cd853e9fa8d6909979b21ce81d4ea51b66a192bf9d0ff1fa2b768bb8df18", "benchmarks.Stats.time_histogram": "c32d69146230b2058b3334b41bcf52a1ffa58ebe32e4587435df9893ee0512b3", "benchmarks.Hist.time_histogram": "d67dfa5dadd652b35c9f25be62df9b1984a8d58a00a54e0e1bac3aec8de05f23", "benchmarks.Variance.time_variance": "4cd7e090636601f109a3001485bd517fd1ddada6e03f8248f454732e23b92dfd", "benchmarks.CircStd.time_circ_std": "8336f6745c7c18e7351b0d63276786a51250015a86eb99ec19f1cc7e598db585"}, "version": 1}