{"results": {"benchmarks.TimeSuite.time_iterkeys": null, "benchmarks.TimeSuite.time_keys": {"result": [1.1152266750848387e-05], "stats": [{"ci_99": [8.994536047170027e-06, 3.56118710753267e-05], "q_25": 9.058410305951653e-06, "q_75": 1.2498061705296354e-05, "min": 8.994536047170027e-06, "max": 3.56118710753267e-05, "mean": 1.3362481679321655e-05, "std": 7.635004152443674e-06, "repeat": 10, "number": 1179}]}, "benchmarks.TimeSuite.time_range": {"result": [3.5653248406636344e-05], "stats": [{"ci_99": [3.38178248451296e-05, 8.397389171425562e-05], "q_25": 3.421919187808937e-05, "q_75": 6.956910588985248e-05, "min": 3.38178248451296e-05, "max": 8.397389171425562e-05, "mean": 5.1004999362599254e-05, "std": 2.0606330398201974e-05, "repeat": 10, "number": 314}]}, "benchmarks.TimeSuite.time_xrange": null, "benchmarks.MemSuite.mem_list": 2112, "benchmarks.Stats.time_r2_score": {"result": [0.06926230349995421], "stats": [{"ci_99": [0.06884031899994625, 0.07032199299987951], "q_25": 0.0691411715000072, "q_75": 0.0696442595001372, "min": 0.06884031899994625, "max": 0.07032199299987951, "mean": 0.06939352689998941, "std": 0.000430665363331606, "repeat": 10, "number": 1}]}, "benchmarks.Stats.time_histogram": {"result": [0.4487052620002032], "stats": [{"ci_99": [0.4443454769998425, 0.4742846949993691], "q_25": 0.44737081250013944, "q_75": 0.4668348127502213, "min": 0.4443454769998425, "max": 0.4742846949993691, "mean": 0.45614274160006973, "std": 0.011713713312667049, "repeat": 10, "number": 1}]}, "benchmarks.Hist.time_histogram": {"result": [0.48598352299995895], "stats": [{"ci_99": [0.46321898300084285, 0.5619241909989796], "q_25": 0.4698952687494966, "q_75": 0.5212852237491461, "min": 0.46321898300084285, "max": 0.5619241909989796, "mean": 0.49691135869943537, "std": 0.0326107559610009, "repeat": 10, "number": 1}]}, "benchmarks.Variance.time_variance": {"result": [7.659527261001131], "stats": [{"ci_99": [-8.708859038926676, 24.027913560928923], "q_25": 7.495843398001853, "q_75": 7.823211124000409, "min": 7.332159535002575, "max": 7.986894986999687, "mean": 7.659527261001131, "std": 0.3273677259985561, "repeat": 2, "number": 1}]}, "benchmarks.CircStd.time_circ_std": {"result": [1.616338301999349], "stats": [{"ci_99": [1.5631413209994207, 1.6648409939989506], "q_25": 1.6057039252500545, "q_75": 1.6379938087502524, "min": 1.5631413209994207, "max": 1.6648409939989506, "mean": 1.6170695259999774, "std": 0.0319575015563614, "repeat": 10, "number": 1}]}}, "params": {"arch": "x86_64", "cpu": "Intel(R) Core(TM) i3-5005U CPU @ 2.00GHz", "machine": "Banzee", "num_cpu": "4", "os": "Linux 4.15.0-51-generic", "ram": "3957136", "python": "3.6", "numpy": ""}, "requirements": {"numpy": ""}, "commit_hash": "6c0f3a7f123d31f50a0eab1934332841ef3a8bfa", "date": 1560676827000, "env_name": "conda-py3.6-numpy", "python": "3.6", "profiles": {}, "started_at": {"benchmarks.TimeSuite.time_iterkeys": 1560789692455, "benchmarks.TimeSuite.time_keys": 1560789693310, "benchmarks.TimeSuite.time_range": 1560789693522, "benchmarks.TimeSuite.time_xrange": 1560789692967, "benchmarks.MemSuite.mem_list": 1560789693019, "benchmarks.Stats.time_r2_score": 1560798552374, "benchmarks.Stats.time_histogram": 1560801793991, "benchmarks.Hist.time_histogram": 1560852121588, "benchmarks.Variance.time_variance": 1560852124602, "benchmarks.CircStd.time_circ_std": 1560852108911}, "ended_at": {"benchmarks.TimeSuite.time_iterkeys": 1560789692508, "benchmarks.TimeSuite.time_keys": 1560789693522, "benchmarks.TimeSuite.time_range": 1560789693725, "benchmarks.TimeSuite.time_xrange": 1560789693019, "benchmarks.MemSuite.mem_list": 1560789693310, "benchmarks.Stats.time_r2_score": 1560798552880, "benchmarks.Stats.time_histogram": 1560801796751, "benchmarks.Hist.time_histogram": 1560852124601, "benchmarks.Variance.time_variance": 1560852139516, "benchmarks.CircStd.time_circ_std": 1560852121588}, "benchmark_version": {"benchmarks.TimeSuite.time_iterkeys": "8cbbcf6e9f798af859479108fa2aedee542bd626e61d71f54acd8a0d6300e6e6", "benchmarks.TimeSuite.time_keys": "86e015a3c40c52da31e4185fff7c7176c38c5e1e1e4aba71912db0b388225191", "benchmarks.TimeSuite.time_range": "cc3e85248a6284df968bcf8afe866da285261eb2487c10e9dd9e2d17a05deb47", "benchmarks.TimeSuite.time_xrange": "57c7cf18e551a09e0f519044163b57fe2a3802251cb9f87d4f46a8c769588ed9", "benchmarks.MemSuite.mem_list": "abe86bab484550a681c61d7bb6eb081fbd37eb6d5009eba1df85c935530577b9", "benchmarks.Stats.time_r2_score": "6c21cd853e9fa8d6909979b21ce81d4ea51b66a192bf9d0ff1fa2b768bb8df18", "benchmarks.Stats.time_histogram": "c32d69146230b2058b3334b41bcf52a1ffa58ebe32e4587435df9893ee0512b3", "benchmarks.Hist.time_histogram": "d67dfa5dadd652b35c9f25be62df9b1984a8d58a00a54e0e1bac3aec8de05f23", "benchmarks.Variance.time_variance": "4cd7e090636601f109a3001485bd517fd1ddada6e03f8248f454732e23b92dfd", "benchmarks.CircStd.time_circ_std": "8336f6745c7c18e7351b0d63276786a51250015a86eb99ec19f1cc7e598db585"}, "version": 1}